{
  "test_summary": {
    "total_duration": 6.9778852462768555,
    "total_requests": 5000,
    "successful_requests": 5000,
    "failed_requests": 0,
    "overall_success_rate": 100.0,
    "overall_rps": 716.5494735912742,
    "timestamp": "2025-06-22T00:48:15.239795"
  },
  "individual_tests": [
    {
      "test_name": "Health Check Load Test",
      "concurrent_users": 100,
      "total_requests": 3000,
      "successful_requests": 3000,
      "failed_requests": 0,
      "avg_response_time": 0.043613990942637126,
      "p50_response_time": 0.018548965454101562,
      "p95_response_time": 0.06356287002563477,
      "p99_response_time": 0.9531588554382324,
      "min_response_time": 0.0014157295227050781,
      "max_response_time": 1.3226161003112793,
      "requests_per_second": 1198.0194409362193,
      "error_rate": 0.0,
      "test_duration": 2.5041329860687256
    },
    {
      "test_name": "Authentication Load Test",
      "concurrent_users": 50,
      "total_requests": 500,
      "successful_requests": 500,
      "failed_requests": 0,
      "avg_response_time": 0.03730600929260254,
      "p50_response_time": 0.0019299983978271484,
      "p95_response_time": 0.36289000511169434,
      "p99_response_time": 0.6249170303344727,
      "min_response_time": 0.0006458759307861328,
      "max_response_time": 0.6644120216369629,
      "requests_per_second": 540.2701360985328,
      "error_rate": 0.0,
      "test_duration": 0.9254629611968994
    },
    {
      "test_name": "WebSocket Load Test",
      "concurrent_users": 40,
      "total_requests": 600,
      "successful_requests": 600,
      "failed_requests": 0,
      "avg_response_time": 0.022150495847066243,
      "p50_response_time": 0.0033118724822998047,
      "p95_response_time": 0.16311240196228027,
      "p99_response_time": 0.46598291397094727,
      "min_response_time": 0.0012447834014892578,
      "max_response_time": 0.5169768333435059,
      "requests_per_second": 439.49764261288294,
      "error_rate": 0.0,
      "test_duration": 1.3651950359344482
    },
    {
      "test_name": "Monitoring Load Test",
      "concurrent_users": 30,
      "total_requests": 600,
      "successful_requests": 600,
      "failed_requests": 0,
      "avg_response_time": 0.014723115762074789,
      "p50_response_time": 0.0029430389404296875,
      "p95_response_time": 0.03380227088928223,
      "p99_response_time": 0.32427501678466797,
      "min_response_time": 0.000881195068359375,
      "max_response_time": 0.3856203556060791,
      "requests_per_second": 527.3520251310165,
      "error_rate": 0.0,
      "test_duration": 1.1377599239349365
    },
    {
      "test_name": "Optimization Load Test",
      "concurrent_users": 25,
      "total_requests": 300,
      "successful_requests": 300,
      "failed_requests": 0,
      "avg_response_time": 0.020055728753407796,
      "p50_response_time": 0.002156972885131836,
      "p95_response_time": 0.16610193252563477,
      "p99_response_time": 0.32572007179260254,
      "min_response_time": 0.0006878376007080078,
      "max_response_time": 0.35341906547546387,
      "requests_per_second": 287.9405323012589,
      "error_rate": 0.0,
      "test_duration": 1.041881799697876
    }
  ],
  "performance_analysis": {
    "best_performing": {
      "by_response_time": "Monitoring Load Test",
      "by_throughput": "Health Check Load Test",
      "by_success_rate": "Health Check Load Test"
    },
    "performance_concerns": [],
    "recommendations": [
      "System performance is excellent across all test scenarios"
    ]
  }
}