{
  "test_summary": {
    "total_duration": 442.35775208473206,
    "total_requests": 5000,
    "successful_requests": 0,
    "failed_requests": 5000,
    "overall_success_rate": 0.0,
    "overall_rps": 11.303068560313752,
    "timestamp": "2025-06-22T00:36:06.729479"
  },
  "individual_tests": [
    {
      "test_name": "Health Check Load Test",
      "concurrent_users": 100,
      "total_requests": 3000,
      "successful_requests": 0,
      "failed_requests": 3000,
      "avg_response_time": 5.038493896563848,
      "p50_response_time": 5.010362863540649,
      "p95_response_time": 5.116810083389282,
      "p99_response_time": 5.873266935348511,
      "min_response_time": 5.002216100692749,
      "max_response_time": 6.2127368450164795,
      "requests_per_second": 19.69956443352546,
      "error_rate": 100.0,
      "test_duration": 152.28763103485107
    },
    {
      "test_name": "Authentication Load Test",
      "concurrent_users": 50,
      "total_requests": 500,
      "successful_requests": 0,
      "failed_requests": 500,
      "avg_response_time": 5.054268712043762,
      "p50_response_time": 5.017209053039551,
      "p95_response_time": 5.341922998428345,
      "p99_response_time": 5.565586805343628,
      "min_response_time": 5.003563642501831,
      "max_response_time": 5.625980854034424,
      "requests_per_second": 9.778865835431612,
      "error_rate": 100.0,
      "test_duration": 51.13067388534546
    },
    {
      "test_name": "WebSocket Load Test",
      "concurrent_users": 40,
      "total_requests": 600,
      "successful_requests": 0,
      "failed_requests": 600,
      "avg_response_time": 5.031287669738134,
      "p50_response_time": 5.014467239379883,
      "p95_response_time": 5.151230096817017,
      "p99_response_time": 5.421679973602295,
      "min_response_time": 5.002388000488281,
      "max_response_time": 5.498898983001709,
      "requests_per_second": 7.841062208825972,
      "error_rate": 100.0,
      "test_duration": 76.52024483680725
    },
    {
      "test_name": "Monitoring Load Test",
      "concurrent_users": 30,
      "total_requests": 600,
      "successful_requests": 0,
      "failed_requests": 600,
      "avg_response_time": 5.026456956863403,
      "p50_response_time": 5.015513896942139,
      "p95_response_time": 5.07020902633667,
      "p99_response_time": 5.347185134887695,
      "min_response_time": 5.002480745315552,
      "max_response_time": 5.36911678314209,
      "requests_per_second": 5.918493881359628,
      "error_rate": 100.0,
      "test_duration": 101.37714290618896
    },
    {
      "test_name": "Optimization Load Test",
      "concurrent_users": 25,
      "total_requests": 300,
      "successful_requests": 0,
      "failed_requests": 300,
      "avg_response_time": 5.028121507167816,
      "p50_response_time": 5.014087200164795,
      "p95_response_time": 5.140887260437012,
      "p99_response_time": 5.290714740753174,
      "min_response_time": 5.00301194190979,
      "max_response_time": 5.320446014404297,
      "requests_per_second": 4.915145491804488,
      "error_rate": 100.0,
      "test_duration": 61.03583312034607
    }
  ],
  "performance_analysis": {
    "best_performing": {
      "by_response_time": "Monitoring Load Test",
      "by_throughput": "Health Check Load Test",
      "by_success_rate": "Health Check Load Test"
    },
    "performance_concerns": [
      "Health Check Load Test: High error rate (100.0%)",
      "Health Check Load Test: Slow P95 response time (5.117s)",
      "Authentication Load Test: High error rate (100.0%)",
      "Authentication Load Test: Slow P95 response time (5.342s)",
      "Authentication Load Test: Low throughput (9.8 RPS)",
      "WebSocket Load Test: High error rate (100.0%)",
      "WebSocket Load Test: Slow P95 response time (5.151s)",
      "WebSocket Load Test: Low throughput (7.8 RPS)",
      "Monitoring Load Test: High error rate (100.0%)",
      "Monitoring Load Test: Slow P95 response time (5.070s)",
      "Monitoring Load Test: Low throughput (5.9 RPS)",
      "Optimization Load Test: High error rate (100.0%)",
      "Optimization Load Test: Slow P95 response time (5.141s)",
      "Optimization Load Test: Low throughput (4.9 RPS)"
    ],
    "recommendations": [
      "Consider implementing caching for slow endpoints",
      "Review error handling and add circuit breakers for high error rate endpoints",
      "Optimize database queries for better throughput",
      "Add horizontal scaling for high-load scenarios"
    ]
  }
}