{
  "test_summary": {
    "total_duration": 7.598752021789551,
    "total_requests": 5000,
    "successful_requests": 5000,
    "failed_requests": 0,
    "overall_success_rate": 100.0,
    "overall_rps": 658.0027859393773,
    "timestamp": "2025-06-22T00:49:33.295970"
  },
  "individual_tests": [
    {
      "test_name": "Health Check Load Test",
      "concurrent_users": 100,
      "total_requests": 3000,
      "successful_requests": 3000,
      "failed_requests": 0,
      "avg_response_time": 0.049844581762949626,
      "p50_response_time": 0.021850109100341797,
      "p95_response_time": 0.05779695510864258,
      "p99_response_time": 1.1120970249176025,
      "min_response_time": 0.006823062896728516,
      "max_response_time": 1.5486037731170654,
      "requests_per_second": 1052.2667378942692,
      "error_rate": 0.0,
      "test_duration": 2.8509881496429443
    },
    {
      "test_name": "Authentication Load Test",
      "concurrent_users": 50,
      "total_requests": 500,
      "successful_requests": 500,
      "failed_requests": 0,
      "avg_response_time": 0.04294396638870239,
      "p50_response_time": 0.0031349658966064453,
      "p95_response_time": 0.40958118438720703,
      "p99_response_time": 0.7173292636871338,
      "min_response_time": 0.0007297992706298828,
      "max_response_time": 0.7624218463897705,
      "requests_per_second": 478.7369018904742,
      "error_rate": 0.0,
      "test_duration": 1.04441499710083
    },
    {
      "test_name": "WebSocket Load Test",
      "concurrent_users": 40,
      "total_requests": 600,
      "successful_requests": 600,
      "failed_requests": 0,
      "avg_response_time": 0.024075335661570232,
      "p50_response_time": 0.0025949478149414062,
      "p95_response_time": 0.18273305892944336,
      "p99_response_time": 0.5421321392059326,
      "min_response_time": 0.0010192394256591797,
      "max_response_time": 0.6197640895843506,
      "requests_per_second": 415.69070782880283,
      "error_rate": 0.0,
      "test_duration": 1.4433808326721191
    },
    {
      "test_name": "Monitoring Load Test",
      "concurrent_users": 30,
      "total_requests": 600,
      "successful_requests": 600,
      "failed_requests": 0,
      "avg_response_time": 0.014334818919499715,
      "p50_response_time": 0.0022509098052978516,
      "p95_response_time": 0.023223161697387695,
      "p99_response_time": 0.3867189884185791,
      "min_response_time": 0.0010609626770019531,
      "max_response_time": 0.4583780765533447,
      "requests_per_second": 525.7931925539341,
      "error_rate": 0.0,
      "test_duration": 1.1411330699920654
    },
    {
      "test_name": "Optimization Load Test",
      "concurrent_users": 25,
      "total_requests": 300,
      "successful_requests": 300,
      "failed_requests": 0,
      "avg_response_time": 0.0316291618347168,
      "p50_response_time": 0.004305124282836914,
      "p95_response_time": 0.34366822242736816,
      "p99_response_time": 0.523369312286377,
      "min_response_time": 0.0012121200561523438,
      "max_response_time": 0.5511841773986816,
      "requests_per_second": 268.6763619731997,
      "error_rate": 0.0,
      "test_duration": 1.1165850162506104
    }
  ],
  "performance_analysis": {
    "best_performing": {
      "by_response_time": "Monitoring Load Test",
      "by_throughput": "Health Check Load Test",
      "by_success_rate": "Health Check Load Test"
    },
    "performance_concerns": [],
    "recommendations": [
      "System performance is excellent across all test scenarios"
    ]
  }
}